{
  "format_version": "1.21.10",
  "minecraft:item": {
    "description": {
      "identifier": "vip:drag",
      "menu_category": {
        "category": "items",
        "group": "itemGroup.name.bed"
      }
    },
    "components": {
      "minecraft:hand_equipped": false,
      "minecraft:max_stack_size": 64,
      "minecraft:glint": false,
      "minecraft:food": {
        "saturation_modifier": 0.6,
        "nutrition": 0,
        "can_always_eat": false
      },
      "minecraft:use_modifiers": {
        "use_duration": 1.6,
        "movement_modifier": 0.35
      },
      "minecraft:custom_components": [
        "vip_drag:trigger"
      ],
      "minecraft:cooldown": {
        "category": "drag_cooldown",
        "duration": 1
      },
      "minecraft:allow_off_hand": false,
      "tag:minecraft:is_food": {},
      "minecraft:use_animation": "eat",
      "minecraft:icon": "vip:drag",
      "minecraft:render_offsets": {
        "main_hand": {
          "third_person": {
            "scale": [
              0.1,
              0.1,
              0.1
            ]
          },
          "first_person": {
            "scale": [
              0.037999999999977205,
              0.037999999999977205,
              0.037999999999977205
            ]
          }
        },
        "off_hand": {
          "third_person": {
            "scale": [
              0.1,
              0.1,
              0.1
            ]
          },
          "first_person": {
            "scale": [
              0.037999999999977205,
              0.037999999999977205,
              0.037999999999977205
            ]
          }
        }
      }
    }
  }
}